seed,epoch,train_reconstruction_loss,validation_reconstruction_loss,runtime_seconds,device
42,1,0.028007160277800126,0.006918601091206074,63.804548599990085,cpu
42,2,0.005739582769640468,0.005163225193321705,51.05820400000084,cpu
42,3,0.004522041075473482,0.003904637037590146,49.677657500025816,cpu
42,4,0.003790209914710034,0.0035060579240322113,51.163498000008985,cpu
42,5,0.003347039885514162,0.0031764611784368753,53.983747499994934,cpu
