model,seed,condition,attack,epsilon,evaluated_samples,threshold,threshold_fpr,min_confidence,original_accuracy,purified_accuracy,detection_rate,false_positive_rate,reject_rate,accepted_accuracy,final_safe_accuracy,accept_original_rate,accept_purified_rate,reject_suspicious_rate,device
smallcnn_standard,42,Clean,NONE,0.0,1000,0.03807505965232849,0.05,0.7,0.995,0.921,0.036,0.036,0.001,0.993993993993994,0.993,0.964,0.035,0.001,cpu
smallcnn_standard,42,FGSM,FGSM,0.25,1000,0.03807505965232849,0.05,0.7,0.226,0.663,1.0,,0.33,0.8149253731343283,0.876,0.0,0.67,0.33,cpu
smallcnn_standard,42,PGD,PGD,0.25,1000,0.03807505965232849,0.05,0.7,0.036,0.733,1.0,,0.268,0.8565573770491803,0.895,0.0,0.732,0.268,cpu
smallcnn_fgsm_at,42,Clean,NONE,0.0,1000,0.03807505965232849,0.05,0.7,0.999,0.921,0.036,0.036,0.003,0.995987963891675,0.993,0.964,0.033,0.003,cpu
smallcnn_fgsm_at,42,FGSM,FGSM,0.25,1000,0.03807505965232849,0.05,0.7,0.967,0.853,1.0,,0.15,0.9094117647058824,0.923,0.0,0.85,0.15,cpu
smallcnn_fgsm_at,42,PGD,PGD,0.25,1000,0.03807505965232849,0.05,0.7,0.525,0.814,0.995,,0.173,0.8814993954050786,0.902,0.005,0.822,0.173,cpu
