model,seed,condition,attack,epsilon,evaluated_samples,threshold,threshold_fpr,min_confidence,original_accuracy,purified_accuracy,detection_rate,false_positive_rate,reject_rate,accepted_accuracy,final_safe_accuracy,accept_original_rate,accept_purified_rate,reject_suspicious_rate,device
smallcnn_standard,42,Clean,NONE,0.0,10000,0.006358212325721979,0.05,0.7,0.9924,0.9871,0.0378,0.0378,0.0015,0.9917876815222835,0.9903,0.9622,0.0363,0.0015,cpu
smallcnn_standard,42,FGSM,FGSM,0.25,10000,0.006358212325721979,0.05,0.7,0.2285,0.6855,1.0,,0.2149,0.7549356769838237,0.8076,0.0,0.7851,0.2149,cpu
smallcnn_standard,42,PGD,PGD,0.25,10000,0.006358212325721979,0.05,0.7,0.0095,0.7944,1.0,,0.128,0.8377293577981652,0.8585,0.0,0.872,0.128,cpu
smallcnn_fgsm_at,42,Clean,NONE,0.0,10000,0.006358212325721979,0.05,0.7,0.992,0.9852,0.0378,0.0378,0.002,0.9915831663326653,0.9896,0.9622,0.0358,0.002,cpu
smallcnn_fgsm_at,42,FGSM,FGSM,0.25,10000,0.006358212325721979,0.05,0.7,0.9616,0.9398,1.0,,0.068,0.9666309012875537,0.9689,0.0,0.932,0.068,cpu
smallcnn_fgsm_at,42,PGD,PGD,0.25,10000,0.006358212325721979,0.05,0.7,0.2963,0.8198,1.0,,0.1363,0.8682412874840801,0.8862,0.0,0.8637,0.1363,cpu
